纬度,经度,化学需氧量COD（mg/L）,非离子氨（mg/L）,无机磷DIP（mg/L）,T（℃）,水深（m),溶解氧DO（mg/L）,pH,S（%。）,叶绿素a,叶绿素b,叶绿素c,氨氮（mg/L）,亚硝酸盐氮（mg/L）,硝酸氮（mg/L）,无机氮DIN（mg/L）,营养指数E,总氮TN（mg/L）,总磷TP（mg/L）,营养状态质量指数NQI,有机污染评价指数A,TOC（有机碳）,铜（mg/L）,铅（mg/L）,锌（mg/L）,镉（mg/L）,镍（mg/L）,铬（mg/L）,钒（mg/L）,汞（mg/L）,砷（mg/L）
21.778,112.435,1.153,0.0026,0.013,19.01,1.37,6.83,7.88,27.2,1.05,0.243,0.348,0.118,0.022,0.533,0.673,2.242,0.838,0.038,3.048,6.615,4.92,0.00171,6.07E-04,0.0111,1.05E-04,0.0063,0.00136,0.00195,,0.00153
21.7,112.423,0.781,0.0009,0.007,19.82,1.65,6.76,7.89,30.37,0.781,0.19,0.219,0.037,0.017,0.345,0.399,0.485,0.593,0.023,2.015,3.365,4.38,0.00133,2.90E-04,0.0151,1.10E-04,0.00248,0.00115,0.0021,,0.0015
21.452,112.364,0.514,0.0003,0,20.55,1.97,7.43,7.91,33.85,1.075,0.326,0.543,0.013,0.02,0.13,0.163,0.009,0.376,0.022,1.531,0.349,4.02,7.49E-04,1.47E-04,0.0121,7.40E-05,0.00144,0.00101,0.00213,,0.00156
21.623,112.341,0.627,0.0004,0.007,19.55,1.8,7.28,7.84,31.39,1.372,0.207,0.354,0.019,0.025,0.208,0.252,0.246,0.476,0.028,1.936,1.74,4.21,0.00117,2.48E-04,0.00874,7.61E-05,0.00178,8.96E-04,0.00213,,0.00175
21.704,112.209,0.535,0.0003,0.001,21.31,1.13,7.42,7.93,31.53,1.461,0.362,0.5,0.012,0.021,0.177,0.21,0.025,0.394,0.031,1.868,0.861,3.59,0.00116,3.15E-04,0.00669,6.60E-05,0.00101,8.53E-04,0.00213,,0.00151
21.751,112.094,0.953,0.0004,0.001,21.5,1.1,7.42,7.9,30.9,4.7075,0.7861,1.0681,0.015,0.016,0.171,0.202,0.043,0.434,0.018,1.641,0.92,3.45,7.18E-04,1.99E-04,0.00471,9.44E-05,0.00236,7.68E-04,0.00213,,0.00167
21.668,112.121,0.719,0.0003,0,20.6,1.7,8.18,7.99,31.1,5.0107,0.7001,1.0755,0.008,0.014,0.149,0.171,0.014,0.402,0.014,1.376,0.347,2.96,0.00111,1.74E-04,0.00696,7.34E-05,0.0019,7.65E-04,0.00165,,0.00145
21.648,112.115,0.805,0.0002,0,20.7,0.9,8.95,8,31,1.7836,0.0585,0.2803,0.007,0.011,0.112,0.13,0.012,0.409,0.012,1.35,-0.155,3.41,0.00104,5.20E-04,0.00429,5.07E-05,0.00178,8.65E-04,0.00208,,0.00145
21.646,112.099,1.009,0.0003,0,21,1.3,9.72,8.11,31,3.0453,0.0567,0.7023,0.008,0.009,0.099,0.116,0.013,0.423,0.011,1.408,-0.414,3.13,7.35E-04,2.26E-04,0.00325,5.34E-05,0.00165,7.27E-04,0.00187,,0.00131
21.632,112.106,0.951,0.0001,0,21.1,1.8,8.27,8.04,31.5,1.0689,0.0172,0.1942,0.004,0.01,0.084,0.098,0.01,0.386,0.01,1.294,-0.324,3.6,5.23E-04,3.76E-04,0.00581,8.20E-05,0.00254,6.13E-04,0.00204,,0.00164
21.627,112.114,0.955,0.0001,0,20.8,0.8,7.2,7.99,31.5,6.1502,0.204,1.562,0.003,0.008,0.086,0.097,0.01,0.356,0.013,1.345,-0.085,3.16,7.06E-04,3.30E-04,0.00677,8.11E-05,0.00176,7.59E-04,0.00175,,0.0015
21.631,112.124,1.205,0.0001,0,20.3,1.8,9.48,8.08,31.7,5.3216,0.3301,1.3304,0.002,0.006,0.055,0.063,0.008,0.328,0.013,1.382,-0.798,3.24,5.64E-04,2.49E-04,0.00603,8.19E-05,0.00184,6.04E-04,0.00181,,0.0013
21.642,112.136,1.047,0.0007,0,20.4,1.8,7.82,8.06,31.5,2.0162,0.1282,0.4144,0.02,0.009,0.073,0.102,0.012,0.349,0.069,3.231,-0.162,2.85,3.50E-04,3.31E-04,0.00509,7.30E-05,0.00191,6.67E-04,0.00164,,0.00155
21.675,112.116,0.827,0.0002,0,20.4,0.9,8.26,8,31.2,2.9396,0.4208,0.5019,0.007,0.014,0.144,0.165,0.015,0.406,0.014,1.419,0.307,2.72,5.30E-04,1.77E-04,0.00371,5.03E-05,0.00183,4.64E-04,0.00232,,0.00155
21.658,112.104,1.022,0,0,20.6,1.9,9.47,8.11,30.9,3.7014,0.2562,0.8399,0,0.009,0.096,0.105,0.012,0.348,0.011,1.287,-0.437,3.53,7.75E-04,3.25E-04,0.00361,6.48E-05,0.00254,5.46E-04,0.00219,,0.00162
21.633,112.094,1.134,0.0016,0,20.7,2,8.9,8.06,15.4,2.8623,0.0754,0.6123,0.039,0.009,0.093,0.141,0.018,0.433,0.013,1.533,0.041,3.64,0.00112,2.59E-04,0.00574,8.39E-05,0.00259,5.90E-04,0.00174,,0.00178
21.654,112.069,1.036,0.0004,0,21.4,1.9,9.47,8.08,29.5,7.1513,0.6819,1.5771,0.009,0.015,0.182,0.206,0.047,0.455,0.013,1.537,0.578,2.93,8.57E-04,3.12E-04,0.00514,9.44E-05,0.00282,6.36E-04,0.00195,,0.00158
21.631,112.135,0.685,0.0004,0.002,20.04,0.8,7.76,7.97,31.45,0.612,0.174,0.209,0.014,0.015,0.168,0.197,0.06,0.416,0.04,2.255,0.78,3.65,0.00176,3.29E-04,0.00608,6.72E-05,0.00446,6.76E-04,0.00164,,0.00164
21.63,112.148,0.963,0.0004,0,20.4,2,8.3,8.05,31.7,2.5749,0.2478,0.6372,0.01,0.011,0.087,0.108,0.012,0.363,0.013,1.359,-0.226,3.17,8.57E-04,2.66E-04,0.00795,8.02E-05,0.00191,0.00177,0.0016,,0.00142
21.626,112.163,0.618,0.0003,0.001,20.15,1.7,7.38,7.96,31.58,1.223,0.225,0.3,0.011,0.015,0.157,0.183,0.025,0.398,0.015,1.369,0.627,3.65,8.75E-04,1.79E-04,0.0117,7.58E-05,0.00135,0.00171,0.00155,,0.00152
21.603,112.156,0.664,0.0004,0.001,20.53,0.91,7.5,7.97,31.62,1.895,0.358,0.435,0.014,0.016,0.157,0.187,0.028,0.414,0.015,1.411,0.658,3.98,9.58E-04,1.17E-04,0.0138,5.75E-05,0.00124,0.00207,0.0017,,0.0015
21.591,112.141,0.735,0.0003,0,19.48,0.72,7.04,7.96,31.73,0.82,0.137,0.18,0.012,0.016,0.144,0.172,0.014,0.397,0.019,1.54,0.59,3.68,8.02E-04,2.45E-04,0.0103,6.72E-05,0.0012,0.00195,0.00197,,0.00152
21.597,112.128,0.798,0.0003,0,19.66,1.95,7.53,7.97,31.63,1.162,0.281,0.228,0.009,0.015,0.155,0.179,0.016,0.397,0.014,1.394,0.583,3.08,0.00122,2.71E-04,0.00908,6.69E-05,0.00134,0.00219,0.00188,,0.00125
21.589,112.177,0.669,0.0004,0,21.65,1.85,7.12,7.92,31.57,0.475,0.037,0.093,0.015,0.017,0.139,0.171,0.013,0.405,0.053,2.665,0.542,4.43,6.86E-04,2.37E-04,0.00741,7.68E-05,0.00112,0.00199,0.00205,,0.00144
21.699,112.009,1.149,0.0004,0,20.9,1.5,7.91,7.95,30.3,6.9617,0.304,1.7591,0.014,0.015,0.191,0.22,0.028,0.512,0.063,3.336,1.068,3.71,0.00119,2.02E-04,0.0105,6.82E-05,9.38E-04,0.0019,0.00179,,0.00139
21.561,112.013,1.044,0.0003,0,20.9,1,9.11,7.99,31.9,7.656,0.927,2.6606,0.008,0.008,0.062,0.078,0.009,0.338,0.013,1.345,-0.661,3.22,9.09E-04,2.70E-04,0.00737,7.20E-05,7.82E-04,0.00174,0.00206,,0.0017
21.434,112.073,0.882,0.0004,0,21.34,1.19,7.5,7.99,32.7,0.5801,0.0013,0.1441,0.013,0.014,0.073,0.1,0.01,0.329,0.013,1.276,-0.173,3.03,9.35E-04,1.37E-04,0.0106,7.72E-05,0.00109,0.00191,0.0017,,0.00147
21.351,112.216,0.623,0.0002,0,20.95,1.45,7.42,7.98,33.72,1.5996,0.0427,0.509,0.007,0.003,0.013,0.023,0.002,0.269,0.011,1.023,-1.013,2.41,6.63E-04,2.15E-04,0.0107,5.14E-05,0.00102,0.00185,0.00203,,0.0016
21.35,111.971,0.589,0.0003,0,20.1,0.8,6.9,7.81,32.5,1.4106,0.4341,0.4184,0.014,0.015,0.081,0.11,0.007,0.362,0.006,1,-0.017,2.88,6.36E-04,2.59E-04,0.00803,8.16E-05,5.47E-04,0.00173,0.0019,,0.00175
21.506,111.842,0.777,0.0005,0,20.9,0.8,7.56,7.97,32.1,3.1134,0.3548,0.7068,0.015,0.014,0.11,0.139,0.012,0.388,0.02,1.572,0.17,2.98,0.00105,2.93E-04,0.0107,6.91E-05,5.31E-04,0.00187,0.00218,,0.0015
21.567,111.801,0.668,0.0014,0.01,20.6,1.2,7.16,7.86,31.2,3.9838,0.3098,0.7298,0.058,0.018,0.192,0.268,0.398,0.48,0.02,1.689,2.137,3.84,7.24E-04,1.65E-04,0.00765,5.65E-05,8.60E-04,0.00142,0.0018,,0.00141
21.535,111.704,0.781,0.0007,0.002,20.4,1.6,7.11,7.91,32.1,1.477,0.1787,0.3313,0.026,0.015,0.134,0.175,0.061,0.408,0.009,1.24,0.722,2.72,5.84E-04,2.05E-04,0.00617,5.66E-05,6.88E-04,0.00153,0.00163,,0.00174
21.347,111.764,0.564,0.0004,0,20.3,1.1,7.4,7.95,32.4,2.5128,0.325,0.5568,0.015,0.016,0.091,0.122,0.008,0.354,0.015,1.278,-0.039,3.07,8.93E-04,1.72E-04,0.0144,8.11E-05,8.29E-04,0.0017,0.00181,,0.0016
21.454,111.731,0.681,0.0005,0,19.9,1,7.42,7.98,32.2,1.1978,-0.0188,0.1437,0.017,0.016,0.104,0.137,0.01,0.356,0.009,1.12,0.146,3.08,7.83E-04,1.73E-04,0.00573,7.64E-05,7.50E-04,0.00144,0.0022,,0.00159
21.647,112.093,0.855,0.0003,0,20.8,2.1,9.08,8.07,15.1,1.0286,0.0913,0.2254,0.008,0.008,0.103,0.119,0.011,0.402,0.012,1.355,-0.308,3.2,0.00131,9.85E-04,0.00813,5.37E-04,0.00211,0.00166,0.00252,,0.00148
21.653,112.118,0.909,0,0,20.7,2,7.81,8.02,31.1,3.0305,0.1095,0.6397,0.001,0.01,0.1,0.111,0.011,0.348,0.086,3.75,-0.116,2.92,7.05E-04,1.46E-04,0.00388,5.50E-05,0.00439,0.00137,0.00255,,0.00167
21.653,112.112,1.072,0.0002,0,21.7,1.8,8.93,8.06,30.6,6.1743,0.311,1.7245,0.004,0.009,0.091,0.104,0.012,0.372,0.015,1.477,-0.355,2.8,6.93E-04,1.73E-04,0.00454,8.36E-05,0.00258,0.00205,0.00245,,0.00151
21.654,112.111,1.001,0.0002,0,21.2,2,8.95,8.11,30.6,4.9255,0.1659,1.1671,0.005,0.009,0.086,0.1,0.011,0.344,0.025,1.74,-0.423,2.68,9.63E-04,2.26E-04,0.00721,4.79E-05,0.00184,0.00178,0.00308,,0.00172
21.661,112.1,0.917,0.0002,0,20.8,2,8.56,8.05,31.3,2.4872,0.0602,0.5963,0.005,0.01,0.102,0.117,0.012,0.395,0.018,1.564,-0.203,3.32,7.22E-04,2.53E-04,0.0115,8.87E-05,0.00133,0.00187,0.00294,,0.00153
21.656,112.098,1.096,0.0004,0,20.6,2.1,8.04,8.02,15.2,4.07,0.0562,0.8938,0.01,0.01,0.101,0.121,0.015,0.398,0.02,1.695,0.001,3.33,9.78E-04,3.60E-04,0.00881,7.14E-05,0.00112,0.00206,0.00311,,0.00166
21.644,112.1,1.051,0.0001,0,21.1,0.6,6.58,8.02,28.5,2.4094,0.0538,0.4591,0.003,0.009,0.087,0.099,0.012,0.351,0.08,3.602,0.058,3.61,7.01E-04,3.38E-04,0.00642,5.52E-05,0.00101,0.00169,0.00296,,0.00182
21.641,112.108,1.021,0.0004,0,20.8,2.1,7.58,8.01,14.9,2.7488,0.0772,0.5537,0.01,0.01,0.108,0.128,0.015,0.393,0.025,1.829,0.138,3.16,9.46E-04,2.80E-04,0.00509,8.76E-05,0.00112,0.00132,0.00237,,0.00142
21.64,112.107,0.938,0.0005,0,20.8,1.8,8.2,8.03,31.2,2.238,0.0564,0.4655,0.015,0.01,0.113,0.138,0.014,0.412,0.036,2.199,0.086,3.03,0.00117,3.83E-04,0.0108,7.13E-05,0.0012,0.00158,0.0021,,0.00152
,,,,,,,,,,,,,,,,,,,,,,,,,,,,,,,
21.735,112.103,1.642,0.008023596,0,31.3624,1.021,8.301,8.71,22.8179,7.905,0.043,1.842,0.028,0.018,0.256,0.302,0.055,0.493,0.014,1.836,1.94,1.7,0.000815,0.000259,0.00179,0.000097,0.00536,0.00188,0.00184,,0.00203
21.559,111.89,1.382,0.006106187,0,31.1493,1.678,7.764,8.48,26.4902,0.965,-0.083,-0.039,0.033,0.016,0.278,0.327,0.05,0.592,0.014,1.914,2.211,1.73,0.000902,0.000395,0.00371,0.000164,0.00556,0.00202,0.00195,,0.00188
21.478,111.571,1.566,0.005311824,0,29.1299,1.556,8.501,8.49,27.0885,4.296,-0.105,1.213,0.032,0.018,0.263,0.313,0.054,0.591,0.012,1.907,1.985,1.82,0.000776,0.000323,0.00337,0.000175,0.00713,0.00217,0.00211,,0.00152
21.357,111.596,0.984,0.004426396,0,28.7694,1.338,7.073,8.39,31.1911,1.28,-0.081,0.353,0.034,0.007,0.081,0.122,0.013,0.451,0.018,1.68,0.167,1.64,0.000568,0.00042,0.00607,0.000201,0.0053,0.00269,0.00321,,0.0017
21.429,111.973,0.852,0.003913971,0,29.1095,1.941,7.284,8.4,26.2107,24.311,0.089,7.559,0.028,0.018,0.334,0.38,0.036,0.433,0.014,1.472,2.661,1.54,0.000966,0.000172,0.00367,0.000204,0.00523,0.00319,0.00302,,0.00214
21.523,112.148,1.311,0.003565866,0,28.6904,1.785,6.843,8.45,28.0638,1.829,0.031,0.511,0.024,0.02,0.297,0.341,0.05,0.548,0.012,1.75,2.512,1.58,0.000772,0.000195,0.00258,0.0000963,0.00571,0.00312,0.00216,,0.00226
21.621,112.34,1.261,0.005593698,0,28.9809,1.041,7.678,8.61,26.0508,5.823,0.125,1.743,0.027,0.021,0.292,0.34,0.048,0.49,0.013,1.67,2.318,1.51,0.000731,0.000239,0.00471,0.000173,0.00353,0.00389,0.00305,,0.00189
21.72,112.424,1.397,0.005132205,0,30.2081,1.22,8.531,8.61,25.6051,1.587,0.085,0.356,0.023,0.02,0.289,0.332,0.052,0.5,0.011,1.666,2.113,1.52,0.000916,0.000172,0.00446,0.000155,0.0041,0.00339,0.00272,,0.00177
21.409,112.331,1.905,0.004794007,0,29.1596,1.186,8.655,8.63,25.3483,6.672,3.457,5.661,0.022,0.023,0.329,0.374,0.079,0.574,0.01,1.925,2.677,1.66,0.00175,0.000187,0.0034,0.000173,0.00511,0.00321,0.00204,,0.00217
21.233,111.391,0.866,0.003301379,0,28.9185,2.306,7.019,8.39,30.4158,0.841,0,0.273,0.025,0.009,0.13,0.164,0.016,0.381,0.017,1.49,0.558,1.37,0.000702,0.000424,0.00418,0.000354,0.00678,0.00352,0.00356,,0.00221
21.295,111.092,1.339,0.003475131,0,28.8274,2.299,5.954,8.39,27.3648,3.149,-0.134,0.931,0.026,0.015,0.227,0.268,0.04,0.524,0.015,1.82,1.969,1.45,0.0201,0.00128,0.0153,0.000187,0.00699,0.00454,0.00354,,0.00241
21.366,110.962,1.126,0.005043263,0,29.3019,1.029,6.282,8.36,28.0081,0.36,0.052,0.101,0.039,0.012,0.234,0.285,0.036,0.581,0.017,1.91,2.002,1.5,0.000901,0.000679,0.00795,0.000299,0.012,0.00414,0.00364,,0.00246
21.77,112.138,2.484,0.007432669,0,31.0859,1.188,8.248,8.68,25.1666,5.775,0.074,1.356,0.028,0.015,0.157,0.2,0.055,0.478,0.013,2.058,1.212,1.78,0.0011,0.000182,0.00547,0.000164,0.00292,0.00341,0.00287,,0.002
21.704,111.985,1.354,0.007557032,0,31.2426,0.534,8.113,8.66,23.8026,9.346,0.53,3.24,0.029,0.015,0.008,0.052,0.008,0.482,0.014,1.721,-0.618,1.62,0.00147,0.000274,0.00167,0.000165,0.00446,0.00357,0.00263,,0.00235
21.589,112.177,1.117,0.004940412,0,28.9565,1.667,7.73,8.51,27.3705,1.973,0.066,0.64,0.029,0.02,0.319,0.368,0.046,0.563,0.008,1.577,2.54,1.47,0.00119,0.000247,0.00245,0.000213,0.00617,0.00353,0.00277,,0.00169
21.642,112.135,1.268,0.006291119,0,29.5444,1.732,8.234,8.58,25.8948,0.995,0.084,0.263,0.031,0.021,0.326,0.378,0.053,0.584,0.015,1.896,2.589,1.48,0.000766,0.000194,0.0036,0.000149,0.00352,0.00352,0.00283,,0.00196
21.699,112.009,1.457,0.005798158,0,30.7197,0.798,6.739,8.57,24.8904,3.926,-0.031,1.067,0.027,0.015,0.209,0.251,0.041,0.48,0.014,1.752,1.681,1.67,0.00125,0.000162,0.00334,0.000161,0.00633,0.00349,0.00271,,0.0024
21.653,112.118,1.434,0.005831263,0,29.3378,1.853,7.898,8.62,25.5941,2.034,0.122,0.928,0.027,0.022,0.323,0.372,0.059,0.587,0.014,1.923,2.652,1.46,0.000987,0.000173,0.00295,0.000202,0.00737,0.00404,0.0025,,0.00206
21.658,112.105,1.411,0.005677329,0,28.9148,0.973,7.959,8.6,25.9212,1.047,0.128,0.346,0.028,0.021,0.315,0.364,0.057,0.524,0.016,1.877,2.552,1.51,0.00122,0.000164,0.00507,0.000179,0.00363,0.00358,0.00277,,0.00213
21.653,112.096,1.353,0.006156925,0,29.9633,1.527,8.646,8.63,25.571,1.632,0.186,0.655,0.027,0.019,0.295,0.341,0.051,0.54,0.015,1.851,2.165,1.61,0.000778,0.000208,0.0026,0.000145,0.00312,0.00333,0.00298,,0.00193
21.66,112.074,1.316,0.005962967,0,31.4379,1.415,9.626,8.74,25.5683,2.226,0.174,0.682,0.02,0.019,0.282,0.321,0.047,0.497,0.01,1.6,1.757,1.45,0.00108,0.000171,0.00444,0.0000531,0.00671,0.00225,0.00256,,0.00208
21.649,112.096,1.688,0.004556994,0,30.5298,1.01,8.456,8.64,25.4814,3.421,0.134,1.21,0.019,0.019,0.253,0.291,0.055,0.491,0.011,1.748,1.815,1.68,0.00117,0.00104,0.00743,0.0000663,0.0056,0.0023,0.00258,,0.00222
21.654,112.112,1.905,0.006467278,0,30.189,1.242,9.522,8.65,25.381,4.713,0.043,1.611,0.027,0.019,0.258,0.304,0.064,0.451,0.013,1.82,1.804,1.87,0.00105,0.000216,0.0055,0.000104,0.00475,0.00249,0.00284,,0.0021
21.654,112.105,1.901,0.00519662,0.009,31.008,1.354,7.861,8.67,25.1947,6.095,0.032,1.599,0.02,0.017,0.23,0.267,1.015,0.459,0.012,1.799,2.331,1.56,0.00109,0.000108,0.0103,0.0000355,0.00536,0.00261,0.00369,,0.00277
21.654,112.102,1.869,0.005788508,0,30.5173,1.448,9.124,8.75,25.0368,4.509,0.91,2.562,0.02,0.019,0.263,0.302,0.063,0.463,0.011,1.761,1.852,1.6,0.000982,0.000118,0.0115,0.0000743,0.00448,0.00259,0.00319,,0.00257
21.657,112.099,1.472,0.005692943,0,29.2421,1.107,7.835,8.61,25.6462,2.221,0.096,0.714,0.027,0.02,0.304,0.351,0.057,0.538,0.016,1.921,2.467,1.58,0.00123,0.000181,0.00589,0.0000464,0.00471,0.00299,0.00334,,0.00259
21.645,112.101,1.928,0.004304864,0,30.1773,0.805,8.322,8.65,25.5515,3.755,0.089,1.239,0.018,0.018,0.247,0.283,0.061,0.451,0.015,1.894,1.842,1.53,0.00113,0.000214,0.00594,0.0000462,0.00399,0.00325,0.00306,,0.00261
21.641,112.108,1.801,0.006500639,0,30.2501,1.238,9.635,8.72,25.4898,7.235,3.687,5.746,0.024,0.018,0.236,0.278,0.056,0.441,0.017,1.902,1.487,1.65,0.00163,0.000133,0.0153,0.000115,0.00438,0.0032,0.00268,,0.00299
21.647,112.113,1.724,0.004550602,0,31.1413,1.013,7.901,8.65,25.3008,2.833,0.214,1.249,0.018,0.017,0.234,0.269,0.052,0.461,0.013,1.776,1.718,1.57,0.00111,0.000303,0.011,0.0000288,0.00371,0.00151,0.00258,,0.00175
,,,,,,,,,,,,,,,,,,,,,,,,,,,,,,,
21.6505,112.1133333,0.817,0.001240657,0.019864,19.965,1.06,7.032,8.32,30.7687,1.872,0.19,0.648,0.01997,0.01778,0.229384,0.267134,0.963,0.508634,0.036613,2.34,2.862,1.18,0.00168,0.00805,0.0132,1.11E-04,0.00189,0.00355,0.00565,,0.00214
21.644,112.1105,0.782,0.000803803,0.015828,18.2144,1.022,6.977,8.32,30.9264,2.831,-0.653,9.141,0.014646,0.017319,0.224029,0.255994,0.704,0.481483,0.030078,2.066,2.48,1.17,0.00304,0.00198,0.0219,1.04E-04,0.00246,0.00457,0.00929,,0.00243
21.65833333,112.105,0.735,0.001444354,0.014552,20.0655,1.036,6.967,8.31,30.802,3.365,-0.665,9.422,0.023595,0.016755,0.221479,0.261829,0.622,0.483373,0.032414,2.131,2.44,1.33,0.00227,0.000842,0.025,1.21E-04,0.00226,0.00619,0.0127,,0.00291
21.63166667,112.1175,0.705,0.000870031,0.016443,16.022,1.105,7.208,8.36,30.958,2.952,0.2,0.865,0.016966,0.017118,0.206754,0.240838,0.62,0.505869,0.03072,2.102,2.298,1.32,0.002,9.36E-04,0.00875,1.59E-04,0.0111,0.00567,0.0114,,0.0029
21.65083333,112.0993333,0.722,0.000702354,0.01667,17.5805,0.949,7.071,8.33,30.7291,2.177,0.482,0.932,0.013078,0.017591,0.230836,0.261505,0.699,0.508316,0.034928,2.252,2.553,1.14,0.00198,6.88E-04,0.0123,1.47E-04,0.00177,0.00667,0.0137,,0.00301
21.645,112.0998333,0.786,0.001212382,0.016813,17.6055,1.229,7.089,8.34,31.183,2.156,0.566,1.14,0.022114,0.017405,0.243785,0.283304,0.832,0.495813,0.035631,2.276,2.798,1.25,0.00238,6.66E-04,0.023,1.52E-04,0.00186,0.00751,0.0143,,0.00301
21.64916667,112.095,0.748,0.001038143,0.016791,19.9213,1.134,7.01,8.32,30.8955,3.123,0.063,0.839,0.016775,0.015909,0.219136,0.25182,0.703,0.464912,0.034136,2.162,2.485,1.19,0.00498,8.42E-04,0.0107,1.36E-04,0.00251,0.00644,0.0119,,0.00286
21.64,112.1085,0.791,0.001489409,0.015608,20.1676,1.41,7.342,8.39,30.7389,2.636,-0.525,9.341,0.020336,0.018012,0.225588,0.263936,0.724,0.53221,0.034285,2.294,2.475,1.3,0.00245,5.34E-04,0.0111,2.71E-04,0.0201,0.00621,0.0109,,0.00285
21.70666667,112.2101667,0.705,0.001084369,0.01816,19.9662,1.134,7.003,8.32,31.0215,2.636,-2.815,2.031,0.017481,0.019573,0.274225,0.311279,0.886,0.543363,0.040174,2.48,3.158,1.22,0.00119,0.00126,0.00607,1.76E-04,0.00203,0.00483,0.0104,,0.00208
21.73583333,112.1338333,1.044,0.001361996,0.025445,19.6138,0.874,6.944,8.31,31.4992,2.571,-2.861,2.022,0.023068,0.019505,0.277856,0.320429,1.892,0.594456,0.043468,2.788,3.86,1.29,0.00199,7.08E-04,0.00541,2.72E-04,0.00278,0.00734,0.0169,,0.00279
21.69,112,0.902,0.001465863,0.017118,20.012,1.263,6.949,8.32,32.0882,3.111,-0.311,9.249,0.023716,0.013788,0.251169,0.288673,0.99,0.520152,0.040267,2.51,2.939,1.19,0.00235,0.00113,0.0133,2.94E-04,0.00232,0.00823,0.0176,,0.00256
21.7075,112.0526667,0.696,0.001050277,0.017713,19.74,1.007,6.797,8.31,30.9511,2.905,-0.327,9.391,0.01757,0.015165,0.24046,0.273195,0.748,0.5032,0.039305,2.381,2.785,1.3,0.0017,4.15E-04,0.0133,2.90E-04,0.00217,0.00754,0.017,,0.00254
21.661,112.073,0.606,0.001063097,0.015872,19.5118,0.981,6.91,8.31,30.9375,2.934,-0.66,9.111,0.01807,0.018292,0.240801,0.277163,0.592,0.472014,0.039596,2.309,2.65,1.14,0.00137,8.19E-04,0.00716,2.69E-04,0.00178,0.00662,0.0141,,0.00244
21.66333333,112.1216667,0.593,0.000877898,0.015755,15.3146,0.936,7.009,8.35,30.5424,2.376,-0.667,9.103,0.018349,0.017548,0.226968,0.262865,0.546,0.476415,0.038129,2.263,2.475,1.08,0.00203,4.29E-04,0.00938,2.37E-04,0.00314,0.00689,0.0126,,0.00246
21.632,112.1248333,0.636,0.000634743,0.014684,17.9602,1.127,7.057,8.34,30.6151,3.21,-0.717,9.327,0.011251,0.017636,0.215801,0.244688,0.508,0.457334,0.05154,2.692,2.226,1.05,0.00172,3.87E-04,0.0102,2.37E-04,0.00935,0.00641,0.0132,,0.00241
21.64333333,112.1358333,0.769,0.000640729,0.016704,19.9238,1.073,6.926,8.32,30.4929,2.441,-0.624,9.136,0.010325,0.01931,0.239865,0.2695,0.769,0.490252,0.04308,2.509,2.68,1.12,0.00134,4.74E-04,0.0218,3.41E-04,0.00349,0.00609,0.0121,,0.00224
21.66716667,112.117,0.632,0.001335652,0.016603,19.0972,1,7.146,8.34,30.5215,3.097,-0.582,9.287,0.021845,0.01859,0.237402,0.277837,0.648,0.493271,0.043625,2.487,2.667,1.1,0.00154,4.05E-04,0.0128,2.84E-04,0.00173,0.00606,0.0118,,0.00256
21.631,112.1486667,0.705,0.001147544,0.019963,20.0618,0.97,6.824,8.32,30.601,2.518,-0.342,9.426,0.018327,0.022959,0.273136,0.314422,0.983,0.54044,0.041807,2.529,3.345,1.15,0.00161,3.02E-04,0.00899,3.09E-04,0.00365,0.00567,0.0111,,0.00234
21.56216667,112.1873333,1.04,0.000597998,0.006999,18.98,0.947,7.116,8.38,31.3554,4.081,0.131,1.401,0.009094,0.012122,0.134014,0.15523,0.251,0.443354,0.02161,1.806,0.942,1.14,0.00232,4.57E-04,0.0181,2.00E-04,0.00416,0.00621,0.0106,,0.00289
21.55416667,112.1691667,1.169,0.00033965,0.0063,21.0127,1.179,7.159,8.37,31.536,5.341,0.198,1.563,0.004588,0.011198,0.117695,0.133481,0.218,0.408338,0.023417,1.851,0.713,1.07,0.00201,5.98E-04,0.00927,1.24E-04,0.00311,0.00597,0.00917,,0.00258
21.5605,112.1666667,1.027,0.000766874,0.005793,21.1524,0.876,7.347,8.38,31.6565,4.918,0.087,1.388,0.010051,0.010748,0.117619,0.138418,0.183,0.485708,0.01716,1.724,0.643,1.21,0.00212,4.91E-04,0.0133,1.51E-04,0.00262,0.00582,0.00993,,0.00278
21.56033333,112.1966667,1.071,0.000620829,0.009274,19.8712,1.047,7.151,8.37,31.1097,3.387,0.284,1.234,0.009052,0.012359,0.150804,0.172215,0.38,0.476796,0.023983,1.951,1.267,1.09,0.00208,4.21E-04,0.0221,1.74E-04,0.0142,0.00572,0.00907,,0.00245
21.55166667,112.21,1.001,0.000445907,0.012429,19.6379,1.078,6.665,8.36,31.5437,3.683,0.138,1.29,0.00677,0.013024,0.154239,0.174033,0.481,0.473873,0.02492,1.954,1.57,1.12,0.00248,3.43E-04,0.00949,1.37E-04,0.00112,0.00629,0.0107,,0.00263
21.559,112.202,1.001,0.001194357,0.009206,20.5904,1.048,7.158,8.37,31.4544,3.518,0.083,1.082,0.016603,0.013438,0.159024,0.189065,0.387,0.500134,0.021954,1.899,1.406,1.22,0.00238,0.00107,0.0181,5.07E-04,0.0233,0.00542,0.0094,,0.00249
21.558,112.1505,0.953,0.000759065,0.006193,19.3812,1.04,7.057,8.39,31.6694,4.116,0.265,1.456,0.011009,0.009244,0.114202,0.134455,0.176,0.463514,0.019625,1.744,0.664,1.22,0.00185,4.18E-04,0.0132,1.84E-04,0.00274,0.0059,0.00943,,0.00261
21.60616667,112.2081667,0.788,0.00030676,0.014224,20.1723,0.964,7.059,8.36,30.8246,2.632,0.21,0.915,0.004467,0.016563,0.225146,0.246176,0.613,0.518801,0.02781,2.054,2.261,1.12,0.00215,3.22E-04,0.00913,1.80E-04,0.00137,0.00562,0.00994,,0.00263
21.62183333,112.1355,0.988,0.000652077,0.018316,19.3191,1.009,7.049,8.34,30.7975,3.002,0.117,1.045,0.010519,0.019225,0.233721,0.263465,1.059,0.560823,0.033941,2.395,2.775,1.05,0.00122,3.84E-04,0.00619,2.13E-04,0.00199,0.00487,0.00979,,0.00229
21.62533333,112.1645,1.18,0.000517647,0.033303,19.1446,1.12,6.802,8.34,30.9816,1.891,0.235,0.695,0.008463,0.017213,0.236824,0.2625,2.292,0.612202,0.060524,3.431,3.878,1.3,0.00138,3.79E-04,0.0065,3.08E-04,0.00221,0.00549,0.00944,,0.00219
21.6055,112.1633333,0.779,0.000418773,0.011225,17.5075,0.985,7.055,8.37,31.9182,2.475,0.173,0.862,0.00724,0.014585,0.184792,0.206617,0.401,0.460607,0.026161,1.899,1.663,1,0.001,3.07E-04,0.00627,2.48E-04,0.00128,0.00534,0.0109,,0.00237
21.6005,112.1383333,0.932,0.000581373,0.012888,19.7358,0.985,6.902,8.33,30.7164,4.268,0.301,1.887,0.009303,0.016323,0.200615,0.226241,0.604,0.494018,0.026909,2.031,2.052,1.08,0.00157,4.24E-04,0.00852,2.63E-04,0.00159,0.00518,0.0101,,0.00225
21.6035,112.1811667,0.932,0.000581771,0.016948,18.9682,0.958,7.095,8.36,31.1957,2.372,0.188,0.819,0.009235,0.01593,0.207111,0.232276,0.815,0.486455,0.031905,2.185,2.344,1.19,0.00147,3.05E-04,0.00596,2.65E-04,0.00157,0.00518,0.0107,,0.00204
21.349,111.9776667,1.388,0.000605379,0.001588,21.9572,1.064,6.434,8.09,32.2786,9.54,-0.062,2.303,0.01412,0.004604,0.014397,0.033121,0.016,0.229927,0.00198,0.912,-0.387,1.15,0.00199,7.56E-04,0.0135,2.81E-04,0.00396,0.00449,0.0105,,0.00203
21.78133333,112.4331667,3.229,0.00166842,0.042071,19.462,0.652,6.509,7.87,23.3023,4.18,0.732,0.646,0.071726,0.024478,0.525704,0.621908,18.774,0.893406,0.044066,4.034,8.798,1.91,0.00364,6.60E-04,0.0214,3.55E-04,0.0204,0.00439,0.0116,,0.0027
21.69583333,112.423,1.062,0.000452251,0.01587,19.8469,1.684,6.851,7.89,28.5045,5.297,0.081,1.223,0.018708,0.022105,0.316172,0.356985,1.337,0.556304,0.01587,1.81,3.612,1.22,0.00266,6.40E-04,0.0186,3.35E-04,0.0122,0.00429,0.0124,,0.00236
21.44933333,112.365,1.201,0.000768683,0.003299,21.4716,0.88,6.793,8.14,31.4312,9.746,-0.218,2.297,0.016536,0.010522,0.054087,0.081145,0.071,0.304621,0.007405,1.155,0.073,1.22,0.00241,6.75E-04,0.0113,2.72E-04,0.0109,0.00463,0.0115,,0.00215
21.62483333,112.3343333,0.796,0.000505413,0.019435,20.3379,1.113,6.984,8.05,29.5369,1.833,0.134,0.447,0.014208,0.020669,0.308108,0.342985,1.179,0.533638,0.019435,1.803,3.594,1.06,0.00189,6.49E-04,0.0178,2.72E-04,0.00767,0.0039,0.0125,,0.00239
21.37283333,112.2061667,1.058,0.000765451,0.003343,21.8514,1.539,6.031,8.14,32.0873,9.203,-0.23,1.911,0.016096,0.008619,0.031156,0.055871,0.044,0.243374,0.004857,0.92,-0.072,1.37,0.00238,6.47E-04,0.0198,2.99E-04,0.0035,0.00423,0.0105,,0.00214
21.4785,111.5686667,0.989,7.29E-05,0.019206,21.2248,0.9,6.716,8.25,31.3111,2.825,0.27,0.596,0.001255,0.035712,0.202869,0.239836,1.012,0.434165,0.024378,1.866,2.665,1.12,0.00129,6.75E-04,0.0133,2.22E-04,0.00233,0.00346,0.0105,,0.00221
21.35866667,111.5958333,1.024,0.00035294,0.003539,21.5811,0.996,5.887,8.13,32.2337,5.702,-0.145,1.181,0.007741,0.011978,0.04976,0.069479,0.056,0.268656,0.009049,1.091,0.095,1.2,0.00142,6.51E-04,0.0198,2.41E-04,0.00262,0.00483,0.0153,,0.00242
21.22233333,111.3926667,0.989,6.61E-05,0.0113,21.3212,0.671,6.442,8.03,31.6796,1.957,0.158,0.398,0.001835,0.02033,0.12888,0.151045,0.375,0.350334,0.019311,1.557,1.305,1.05,0.00118,7.05E-04,0.00955,3.00E-04,0.00238,0.00447,0.0125,,0.00266
21.29333333,111.095,0.941,7.70E-06,0.012968,21.3428,1.079,6.768,8.03,31.3361,1.619,0.111,0.336,0.000213,0.016929,0.170774,0.187916,0.51,0.384457,0.01816,1.56,1.704,0.957,0.00157,6.98E-04,0.0108,3.30E-04,0.00222,0.00482,0.0128,,0.00262
21.38933333,111.0466667,0.819,0.000125492,0.010759,19.6667,1.005,6.184,7.95,27.0745,1.821,0.152,0.326,0.004554,0.01525,0.167944,0.187748,0.368,0.402432,0.012494,1.36,1.631,1.18,0.0015,7.49E-04,0.0217,2.52E-04,0.00294,0.00484,0.0122,,0.00238
21.53333333,111.7006667,1.076,0.000285024,0.015672,21.3614,0.974,6.126,8.18,31.5664,4.79,0.331,0.959,0.005666,0.030462,0.192179,0.228307,0.856,0.465715,0.019155,1.773,2.461,1.21,0.00139,8.00E-04,0.0161,3.48E-04,0.00224,0.00443,0.0112,,0.0024
21.42333333,111.6773333,0.972,0.000416832,0.007045,21.0723,0.848,5.784,8.23,31.3126,5.58,0.111,1.145,0.007571,0.017224,0.119226,0.144021,0.219,0.357067,0.009461,1.234,1.077,1.19,0.00154,7.77E-04,0.0124,3.55E-04,0.00198,0.00459,0.0118,,0.0021
21.5605,111.8933333,1.129,0.000114118,0.006061,20.9089,1.117,8.188,8.26,30.4801,8.624,-0.11,1.908,0.001954,0.014525,0.145742,0.162221,0.247,0.380882,0.020791,1.704,0.765,1.1,0.00131,6.93E-04,0.0162,1.64E-04,0.00279,0.00216,0.00622,,0.00168
21.42833333,111.975,1.268,2.91E-05,0.002887,21.3279,1.009,6.091,8.25,32.0113,6.619,-0.271,1.737,0.0005,0.004049,0.01594,0.020489,0.017,0.215797,0.003576,0.902,-0.398,1.21,0.00157,8.92E-04,0.0121,2.58E-04,0.00219,0.00538,0.0151,,0.00201
21.48666667,111.8905,1.351,0.00014333,0.002133,21.2844,0.885,7.273,8.27,31.6683,5.71,-0.141,1.459,0.002357,0.004316,0.017735,0.024408,0.016,0.195532,0.006338,0.987,-0.618,1.24,0.00159,7.81E-04,0.0123,2.57E-04,0.0017,0.00443,0.0106,,0.00176
21.57766667,111.9958333,1.142,0.000327173,0.011028,21.098,1.009,7.797,8.34,29.9965,7.383,-0.125,1.72,0.004639,0.017627,0.201548,0.223814,0.626,0.398036,0.020713,1.734,1.795,1.18,0.0023,7.14E-04,0.0127,2.61E-04,0.00231,0.00458,0.0125,,0.0024
21.43816667,112.073,1.25,0.000431302,0.004501,21.1201,1.055,6.96,8.35,31.8196,9.337,-0.224,2.171,0.006046,0.004868,0.022691,0.033605,0.042,0.202318,0.00904,1.055,-0.339,1.23,0.002,7.61E-04,0.0113,2.57E-04,0.00181,0.0044,0.0116,,0.00195
,,,,,,,,,,,,,,,,,,,,,,,,,,,,,,,
21.47883333,111.5688333,0.96,0.000440915,0.001488,18.2787,0.958,7.269,8.4,31.5525,4.435,-0.467,1.425,0.006753,0.013951,0.048367,0.069071,0.022,0.352113,0.026081,1.776,-0.344,1.46,0.000696,0.000234,0.00941,0.0000872,0.000883,0.000708,0.00187,,0.00168
21.22,111.3916667,0.747,0.000380634,0.000448,18.3759,1.022,7.635,8.41,32.1296,7.681,0.142,2.79,0.005688,0.01395,0.039167,0.058805,0.004,0.326757,0.013627,1.248,-0.66,1.09,0.000765,0.000146,0.0028,0.00011,0.000189,0.00115,0.00262,,0.00184
21.29233333,111.095,1.035,0.000216885,0.000733,17.4785,0.883,7.428,8.44,31.6124,10.606,-1.217,3.606,0.003224,0.001231,0.010359,0.014814,0.002,0.268733,0.011885,1.189,-0.944,1.26,0.000999,0.000135,0.013,0.000151,0.000652,0.00199,0.00417,,0.0011
21.38616667,111.0523333,1.085,0.000319676,0.001117,18.9938,1.052,7.573,8.4,31.7775,9.607,-0.319,3.108,0.004665,0.00149,0.009995,0.01615,0.004,0.319668,0.012192,1.301,-0.917,1.4,0.00125,0.000341,0.00381,0.00015,0.00024,0.0023,0.00537,,0.00149
21.53083333,111.6976667,0.789,0.001086932,0.00394,17.7781,0.883,7.251,8.36,31.221,3.996,-0.499,1.131,0.018758,0.010945,0.067798,0.097501,0.067,0.356925,0.013438,1.306,0.05,1.3,0.00124,0.000216,0.0103,0.000154,0.000583,0.00213,0.0065,,0.00202
21.42133333,111.6773333,0.768,0.0006702,0.000683,18.2487,0.605,8.027,8.43,31.4971,4.539,-0.474,1.395,0.009641,0.017356,0.09244,0.119437,0.014,0.366568,0.010687,1.223,-0.109,1.21,0.00141,0.000297,0.00353,0.000123,0.000625,0.00279,0.0068,,0.00209
21.59616667,111.8085,0.876,0.00157487,0.00356,17.3311,0.913,5.469,8.29,31.5529,3.325,-0.36,0.985,0.032747,0.010538,0.070746,0.114031,0.079,0.376118,0.009915,1.249,0.576,1.24,0.0015,0.000221,0.00286,0.000159,0.000457,0.00253,0.00786,,0.00194
21.32333333,111.5313333,0.809,0.000872706,0.000666,18.3613,0.944,7.838,8.4,31.8663,6.064,-0.635,1.771,0.013316,0.015229,0.086675,0.11522,0.014,0.386501,0.007661,1.169,-0.101,1.18,0.00137,0.000223,0.00398,0.000157,0.000359,0.00256,0.00737,,0.00189
21.55616667,111.8735,0.843,0.001117639,0.006654,17.6034,0.736,6.582,8.1,31.0764,1.933,-0.141,0.568,0.034583,0.010448,0.088708,0.133739,0.167,0.460152,0.017239,1.623,0.746,1.37,0.00128,0.000201,0.012,0.000158,0.000514,0.00233,0.00753,,0.00191
21.42966667,111.9745,0.542,0.000370314,0.007289,18.7682,1.063,6.647,8.35,32.7226,1.892,-0.188,0.458,0.006151,0.019143,0.061029,0.086323,0.076,0.374943,0.011875,1.201,0.2,1.21,0.00125,0.000168,0.00742,0.000157,0.000162,0.00229,0.00778,,0.00216
21.35,111.9773333,0.651,0.000235617,0.000155,19.5796,1.035,6.367,8.25,33.531,5.28,-0.596,1.254,0.004618,0.003761,0.019946,0.028325,0.001,0.271559,0.006654,0.891,-0.763,1.07,0.00154,0.000163,0.00439,0.000156,0.00045,0.00445,0.00634,,0.00189
21.48716667,111.8895,0.881,0.000758528,0.001335,17.4664,0.961,7.286,8.39,31.0065,4.495,-0.484,1.319,0.012521,0.008072,0.080233,0.100826,0.026,0.390437,0.010651,1.299,-0.066,1.13,0.00107,0.000197,0.00378,0.000154,0.000204,0.00187,0.0051,,0.00164
21.57633333,111.9958333,0.843,0.000642904,0,17.8913,0.768,8.063,8.45,31.1632,5.376,-0.553,1.512,0.009064,0.008631,0.0932,0.110895,0.01,0.387304,0.010504,1.277,-0.189,1.25,0.00108,0.000323,0.002,0.000165,0.000275,0.00169,0.00498,,0.00173
21.43633333,112.0713333,0.676,0.000765218,0.00236,19.3555,0.996,6.889,8.37,33.143,1.431,-0.117,0.389,0.011715,0.013738,0.065573,0.091026,0.032,0.395105,0.008396,1.164,-0.085,1.01,0.00132,0.00024,0.00712,0.000188,0.000115,0.00185,0.00611,,0.00198
21.68833333,112,0.956,0.000890657,0.001975,17.5055,0.81,6.872,8.39,30.8265,5.78,-0.609,1.523,0.014645,0.006454,0.093883,0.114982,0.048,0.419157,0.008574,1.303,0.226,1.35,0.00155,0.000202,0.02,0.000143,0.000521,0.00166,0.00494,,0.00162
21.70666667,112.0516667,1.177,0.000774472,0,17.9236,0.736,6.903,8.44,30.9894,5.395,0.209,0.696,0.011118,0.007749,0.094808,0.113675,0.015,0.446451,0.003855,1.265,0.182,1.22,0.00167,0.000203,0.0139,0.000167,0.000325,0.00139,0.00429,,0.00157
21.78033333,112.4325,1.152,0.00199407,0.023307,15.8118,1.798,7.207,8.06,28.096,1.348,0.209,0.431,0.075326,0.007676,0.261756,0.344758,2.057,0.654903,0.033811,2.603,3.944,2.31,0.0012,0.000215,0.0117,0.00013,0.00103,0.000674,0.00332,,0.00183
21.69666667,112.4216667,1.06,7.26E-05,0.001684,17.5992,0.886,7.395,8.03,27.7174,8.197,-0.721,2.395,0.00257,0.00944,0.19638,0.20839,0.083,0.50203,0.012876,1.619,1.071,1.7,0.000951,0.000184,0.0111,0.000153,0.00068,0.000772,0.00376,,0.00161
21.45,112.3633333,0.547,0.000306179,0.007179,19.573,0.812,6.012,8.26,32.3066,1.176,0.073,0.468,0.005828,0.01837,0.100507,0.124705,0.109,0.432921,0.015496,1.42,0.706,1.54,0.000624,0.000173,0.00839,0.0000954,0.000459,0.000977,0.00492,,0.00196
21.62666667,112.3333333,0.772,0.000181856,0.003438,19.1168,0.866,7.138,8.11,30.329,1.932,-0.152,0.666,0.004911,0.011493,0.133477,0.149881,0.088,0.426202,0.0185,1.584,0.558,1.54,0.000601,0.000237,0.00571,0.000123,0.000528,0.000904,0.00513,,0.0019
21.70833333,112.209,0.864,0.000364717,0.002457,19.049,0.945,6.771,8.31,30.9803,8.855,-0.232,3.43,0.006406,0.006136,0.096896,0.109438,0.052,0.439442,0.008809,1.314,0.192,1.99,0.000667,0.000245,0.00652,0.000121,0.000313,0.00131,0.00547,,0.00168
21.74033333,112.1333333,1.098,0.000140594,0.000653,19.0004,0.807,6.129,8.26,31.3675,9.418,-0.796,2.952,0.00277,0.004336,0.054948,0.062054,0.01,0.361532,0.010694,1.325,-0.196,1.94,0.000707,0.000188,0.00572,0.000167,0.000268,0.00143,0.00554,,0.00152
21.37383333,112.2045,0.568,0.00025116,0.003816,19.4973,0.708,6.582,8.22,32.6639,1.432,-0.034,0.685,0.005258,0.013332,0.071792,0.090382,0.044,0.411371,0.012471,1.291,0.031,1.91,0.000695,0.000288,0.00811,0.000136,0.000543,0.00171,0.00885,,0.00212
21.70533333,112.5578333,0.935,0.000872229,0.010811,17.4793,1.317,7.2,8.07,28.5655,1.191,0.036,0.383,0.02864,0.016943,0.263998,0.309581,0.695,0.558017,0.027596,2.162,2.688,1.71,0.000763,0.000257,0.00849,0.000182,0.000518,0.00162,0.00906,,0.00188
21.645,112.1,1.302,2.02E-05,0.000483,19.0103,0.751,7.722,8.07,31.3352,2.609,1.08,1.949,0.000606,0.004929,0.054002,0.059537,0.008,0.273244,0.012956,1.321,-0.483,1.61,0.000865,0.000278,0.00584,0.000176,0.000967,0.00184,0.00682,,0.00146
21.56316667,112.1855,0.701,4.03E-05,0.000531,19.1407,1.081,7.518,8.47,31.4588,2.273,1.287,2.047,0,0.006226,0.073604,0.07983,0.007,0.248276,0.01482,1.141,-0.431,1.27,0.000706,0.000401,0.00401,0.000162,0.000353,0.00181,0.00867,,0.002
21.55283333,112.2076667,0.68,8.59E-05,0.001505,19.5152,0.874,6.789,8.44,31.6281,7.335,-0.086,2.636,0.001109,0.010765,0.108905,0.120779,0.027,0.312518,0.016554,1.299,0.177,1.24,0.000739,0.000445,0.00218,0.000116,0.000424,0.00153,0.00755,,0.00176
21.55916667,112.2,0.88,7.34E-05,0.000966,19.5306,0.943,7.36,8.46,32.3566,38.932,0.218,18.973,0.000911,0.00728,0.078167,0.086358,0.016,0.277934,0.008519,1.041,-0.251,1.2,0.000711,0.000211,0.0109,0.000106,0.000196,0.00143,0.00693,,0.00186
21.55833333,112.15,0.789,3.95E-05,0.000388,19.1894,1.135,7.127,8.46,31.5999,7.813,0.061,2.78,0,0.006533,0.054225,0.060758,0.004,0.237434,0.010017,0.993,-0.524,1.28,0.000699,0.000185,0.00195,0.000105,0.000279,0.00115,0.00622,,0.00175
21.651,112.0673333,0.914,3.39E-05,0.00038,18.6746,0.902,8.223,8.4,31.3197,3.33,0.146,1.141,0.000505,0.004323,0.044767,0.049595,0.004,0.24593,0.013428,1.162,-0.819,1.35,0.000837,0.000285,0.00555,0.000141,0.000452,0.000966,0.00398,,0.00128
21.66216667,112.1211667,0.776,4.07E-05,0.000343,18.9808,0.932,8.069,8.48,31.3794,2.708,-0.161,0.776,0.000089,0.003884,0.038104,0.042077,0.002,0.224715,0.013308,1.077,-0.907,1.38,0.000724,0.000204,0.00394,0.000083,0.000171,0.000838,0.00488,,0.00126
21.63266667,112.125,0.664,1.25E-06,0.000298,18.6927,0.993,7.711,8.47,31.3615,4.765,-0.037,1.578,0.000016,0.00469,0.046233,0.050939,0.002,0.221612,0.013746,1.049,-0.792,1.26,0.000712,0.000208,0.00401,0.0000992,0.000385,0.00105,0.00458,,0.00127
21.625,112.1638333,0.822,4.29E-05,0.000084,18.8169,0.713,8.162,8.51,31.3118,6.147,0.078,1.658,0,0.004562,0.040915,0.045477,0.001,0.211888,0.017456,1.209,-0.893,1.24,0.000794,0.000194,0.0057,0.000106,0.000354,0.000829,0.00411,,0.00138
21.6,112.14,0.672,4.12E-05,0.00028,18.8554,0.953,7.079,8.49,31.4742,1.209,-0.013,0.312,0.000192,0.005243,0.053311,0.058746,0.002,0.228918,0.016425,1.153,-0.583,1.21,0.00059,0.00018,0.00175,0.000108,0.000685,0.000685,0.00268,,0.00143
21.58216667,112.2,0.664,5.13E-05,0,19.2495,0.813,6.517,8.4,31.46,0.291,0.008,0.107,0.000734,0.006074,0.073317,0.080125,0.006,0.237271,0.016111,1.154,-0.247,1.36,0.000993,0.000173,0.00527,0.000104,0.000352,0.000784,0.00349,,0.00167
21.5745,112.1738333,0.747,4.03E-05,0.000061,19.158,1.015,7.61,8.47,31.5549,0.102,0,0.038,0,0.006026,0.065123,0.071149,0.001,0.214919,0.011877,1.003,-0.552,1.25,0.000552,0.000194,0.00425,0.0000444,0.000402,0.000604,0.00261,,0.00166
